{"cameraMode":{"drawMode":0,"name":"Shaded","section":"Shading Mode"},"sceneLighting":true,"audioPlay":false,"sceneViewState":{"showFog":true,"showMaterialUpdate":false,"showSkybox":true,"showFlares":true,"showImageEffects":true,"showParticleSystems":true},"in2DMode":false,"pivot":{"x":-0.7078304290771484,"y":-0.19240617752075196,"z":0.9675474166870117},"rotation":{"x":-0.21977049112319947,"y":-0.07833996415138245,"z":0.017708420753479005,"w":-0.9722397923469544},"size":104.4295654296875,"orthographic":false}